{"cameraMode":{"drawMode":0,"name":"Shaded","section":"Shading Mode"},"sceneLighting":true,"audioPlay":false,"sceneViewState":{"m_AlwaysRefresh":false,"showFog":true,"showSkybox":true,"showFlares":true,"showImageEffects":true,"showParticleSystems":true,"showVisualEffectGraphs":true,"m_FxEnabled":true},"in2DMode":false,"pivot":{"x":-2.5336833000183107,"y":1.9906779527664185,"z":-2.6236250400543215},"rotation":{"x":-0.053982436656951907,"y":0.5786181688308716,"z":-0.038424450904130939,"w":-0.8129019737243652},"size":6.821260452270508,"orthographic":false}